0,"<Epochs |  1 events (all good), 0 – 3.996 s, baseline off, ~37 kB, data not loaded,
 '1': 1>"
0,"<Epochs |  1 events (all good), 0 – 3.996 s, baseline off, ~37 kB, data not loaded,
 '1': 1>"
0,"<Epochs |  1 events (all good), 0 – 3.996 s, baseline off, ~37 kB, data not loaded,
 '1': 1>"
0,"<Epochs |  1 events (all good), 0 – 3.996 s, baseline off, ~37 kB, data not loaded,
 '1': 1>"
0,"<Epochs |  1 events (all good), 0 – 3.996 s, baseline off, ~37 kB, data not loaded,
 '1': 1>"
0,"<Epochs |  1 events (all good), 0 – 3.996 s, baseline off, ~37 kB, data not loaded,
 '1': 1>"
0,"<Epochs |  1 events (all good), 0 – 3.996 s, baseline off, ~37 kB, data not loaded,
 '1': 1>"
0,"<Epochs |  1 events (all good), 0 – 3.996 s, baseline off, ~37 kB, data not loaded,
 '1': 1>"
0,"<Epochs |  1 events (all good), 0 – 3.996 s, baseline off, ~37 kB, data not loaded,
 '1': 1>"
0,"<Epochs |  1 events (all good), 0 – 3.996 s, baseline off, ~37 kB, data not loaded,
 '1': 1>"
0,"<Epochs |  1 events (all good), 0 – 3.996 s, baseline off, ~37 kB, data not loaded,
 '1': 1>"
0,"<Epochs |  1 events (all good), 0 – 3.996 s, baseline off, ~37 kB, data not loaded,
 '1': 1>"
0,"<Epochs |  1 events (all good), 0 – 3.996 s, baseline off, ~37 kB, data not loaded,
 '1': 1>"
0,"<Epochs |  1 events (all good), 0 – 3.996 s, baseline off, ~37 kB, data not loaded,
 '1': 1>"
0,"<Epochs |  1 events (all good), 0 – 3.996 s, baseline off, ~37 kB, data not loaded,
 '1': 1>"
0,"<Epochs |  1 events (all good), 0 – 3.996 s, baseline off, ~37 kB, data not loaded,
 '1': 1>"
0,"<Epochs |  1 events (all good), 0 – 3.996 s, baseline off, ~37 kB, data not loaded,
 '1': 1>"
0,"<Epochs |  1 events (all good), 0 – 3.996 s, baseline off, ~37 kB, data not loaded,
 '1': 1>"
0,"<Epochs |  1 events (all good), 0 – 3.996 s, baseline off, ~37 kB, data not loaded,
 '1': 1>"
0,"<Epochs |  1 events (all good), 0 – 3.996 s, baseline off, ~37 kB, data not loaded,
 '1': 1>"
0,"<Epochs |  1 events (all good), 0 – 3.996 s, baseline off, ~37 kB, data not loaded,
 '1': 1>"
0,"<Epochs |  1 events (all good), 0 – 3.996 s, baseline off, ~37 kB, data not loaded,
 '1': 1>"
0,"<Epochs |  1 events (all good), 0 – 3.996 s, baseline off, ~37 kB, data not loaded,
 '1': 1>"
0,"<Epochs |  1 events (all good), 0 – 3.996 s, baseline off, ~37 kB, data not loaded,
 '1': 1>"
0,"<Epochs |  1 events (all good), 0 – 3.996 s, baseline off, ~37 kB, data not loaded,
 '1': 1>"
0,"<Epochs |  1 events (all good), 0 – 3.996 s, baseline off, ~37 kB, data not loaded,
 '1': 1>"
0,"<Epochs |  1 events (all good), 0 – 3.996 s, baseline off, ~37 kB, data not loaded,
 '1': 1>"
0,"<Epochs |  1 events (all good), 0 – 3.996 s, baseline off, ~37 kB, data not loaded,
 '1': 1>"
0,"<Epochs |  1 events (all good), 0 – 3.996 s, baseline off, ~37 kB, data not loaded,
 '1': 1>"
0,"<Epochs |  1 events (all good), 0 – 3.996 s, baseline off, ~37 kB, data not loaded,
 '1': 1>"
0,"<Epochs |  1 events (all good), 0 – 3.996 s, baseline off, ~37 kB, data not loaded,
 '1': 1>"
0,"<Epochs |  1 events (all good), 0 – 3.996 s, baseline off, ~37 kB, data not loaded,
 '1': 1>"
0,"<Epochs |  1 events (all good), 0 – 3.996 s, baseline off, ~37 kB, data not loaded,
 '1': 1>"
0,"<Epochs |  1 events (all good), 0 – 3.996 s, baseline off, ~37 kB, data not loaded,
 '1': 1>"
0,"<Epochs |  1 events (all good), 0 – 3.996 s, baseline off, ~37 kB, data not loaded,
 '1': 1>"
0,"<Epochs |  1 events (all good), 0 – 3.996 s, baseline off, ~37 kB, data not loaded,
 '1': 1>"
0,"<Epochs |  1 events (all good), 0 – 3.996 s, baseline off, ~37 kB, data not loaded,
 '1': 1>"
0,"<Epochs |  1 events (all good), 0 – 3.996 s, baseline off, ~37 kB, data not loaded,
 '1': 1>"
0,"<Epochs |  1 events (all good), 0 – 3.996 s, baseline off, ~37 kB, data not loaded,
 '1': 1>"
0,"<Epochs |  1 events (all good), 0 – 3.996 s, baseline off, ~37 kB, data not loaded,
 '1': 1>"
0,"<Epochs |  1 events (all good), 0 – 3.996 s, baseline off, ~37 kB, data not loaded,
 '1': 1>"
0,"<Epochs |  1 events (all good), 0 – 3.996 s, baseline off, ~37 kB, data not loaded,
 '1': 1>"
0,"<Epochs |  1 events (all good), 0 – 3.996 s, baseline off, ~37 kB, data not loaded,
 '1': 1>"
0,"<Epochs |  1 events (all good), 0 – 3.996 s, baseline off, ~37 kB, data not loaded,
 '1': 1>"
0,"<Epochs |  1 events (all good), 0 – 3.996 s, baseline off, ~37 kB, data not loaded,
 '1': 1>"
0,"<Epochs |  1 events (all good), 0 – 3.996 s, baseline off, ~37 kB, data not loaded,
 '1': 1>"
0,"<Epochs |  1 events (all good), 0 – 3.996 s, baseline off, ~37 kB, data not loaded,
 '1': 1>"
0,"<Epochs |  1 events (all good), 0 – 3.996 s, baseline off, ~37 kB, data not loaded,
 '1': 1>"
0,"<Epochs |  1 events (all good), 0 – 3.996 s, baseline off, ~37 kB, data not loaded,
 '1': 1>"
0,"<Epochs |  1 events (all good), 0 – 3.996 s, baseline off, ~37 kB, data not loaded,
 '1': 1>"
0,"<Epochs |  1 events (all good), 0 – 3.996 s, baseline off, ~37 kB, data not loaded,
 '1': 1>"
0,"<Epochs |  1 events (all good), 0 – 3.996 s, baseline off, ~37 kB, data not loaded,
 '1': 1>"
0,"<Epochs |  1 events (all good), 0 – 3.996 s, baseline off, ~37 kB, data not loaded,
 '1': 1>"
0,"<Epochs |  1 events (all good), 0 – 3.996 s, baseline off, ~37 kB, data not loaded,
 '1': 1>"
0,"<Epochs |  1 events (all good), 0 – 3.996 s, baseline off, ~37 kB, data not loaded,
 '1': 1>"
0,"<Epochs |  1 events (all good), 0 – 3.996 s, baseline off, ~37 kB, data not loaded,
 '1': 1>"
0,"<Epochs |  1 events (all good), 0 – 3.996 s, baseline off, ~37 kB, data not loaded,
 '1': 1>"
0,"<Epochs |  1 events (all good), 0 – 3.996 s, baseline off, ~37 kB, data not loaded,
 '1': 1>"
0,"<Epochs |  1 events (all good), 0 – 3.996 s, baseline off, ~37 kB, data not loaded,
 '1': 1>"
0,"<Epochs |  1 events (all good), 0 – 3.996 s, baseline off, ~37 kB, data not loaded,
 '1': 1>"
0,"<Epochs |  1 events (all good), 0 – 3.996 s, baseline off, ~37 kB, data not loaded,
 '1': 1>"
0,"<Epochs |  1 events (all good), 0 – 3.996 s, baseline off, ~37 kB, data not loaded,
 '1': 1>"
0,"<Epochs |  1 events (all good), 0 – 3.996 s, baseline off, ~37 kB, data not loaded,
 '1': 1>"
0,"<Epochs |  1 events (all good), 0 – 3.996 s, baseline off, ~37 kB, data not loaded,
 '1': 1>"
0,"<Epochs |  1 events (all good), 0 – 3.996 s, baseline off, ~37 kB, data not loaded,
 '1': 1>"
0,"<Epochs |  1 events (all good), 0 – 3.996 s, baseline off, ~37 kB, data not loaded,
 '1': 1>"
0,"<Epochs |  1 events (all good), 0 – 3.996 s, baseline off, ~37 kB, data not loaded,
 '1': 1>"
0,"<Epochs |  1 events (all good), 0 – 3.996 s, baseline off, ~37 kB, data not loaded,
 '1': 1>"
0,"<Epochs |  1 events (all good), 0 – 3.996 s, baseline off, ~37 kB, data not loaded,
 '1': 1>"
0,"<Epochs |  1 events (all good), 0 – 3.996 s, baseline off, ~37 kB, data not loaded,
 '1': 1>"
0,"<Epochs |  1 events (all good), 0 – 3.996 s, baseline off, ~37 kB, data not loaded,
 '1': 1>"
0,"<Epochs |  1 events (all good), 0 – 3.996 s, baseline off, ~37 kB, data not loaded,
 '1': 1>"
0,"<Epochs |  1 events (all good), 0 – 3.996 s, baseline off, ~37 kB, data not loaded,
 '1': 1>"
0,"<Epochs |  1 events (all good), 0 – 3.996 s, baseline off, ~37 kB, data not loaded,
 '1': 1>"
0,"<Epochs |  1 events (all good), 0 – 3.996 s, baseline off, ~37 kB, data not loaded,
 '1': 1>"
0,"<Epochs |  1 events (all good), 0 – 3.996 s, baseline off, ~37 kB, data not loaded,
 '1': 1>"
0,"<Epochs |  1 events (all good), 0 – 3.996 s, baseline off, ~37 kB, data not loaded,
 '1': 1>"
0,"<Epochs |  1 events (all good), 0 – 3.996 s, baseline off, ~37 kB, data not loaded,
 '1': 1>"
0,"<Epochs |  1 events (all good), 0 – 3.996 s, baseline off, ~37 kB, data not loaded,
 '1': 1>"
0,"<Epochs |  1 events (all good), 0 – 3.996 s, baseline off, ~37 kB, data not loaded,
 '1': 1>"
0,"<Epochs |  1 events (all good), 0 – 3.996 s, baseline off, ~37 kB, data not loaded,
 '1': 1>"
0,"<Epochs |  1 events (all good), 0 – 3.996 s, baseline off, ~37 kB, data not loaded,
 '1': 1>"
0,"<Epochs |  1 events (all good), 0 – 3.996 s, baseline off, ~37 kB, data not loaded,
 '1': 1>"
0,"<Epochs |  1 events (all good), 0 – 3.996 s, baseline off, ~37 kB, data not loaded,
 '1': 1>"
0,"<Epochs |  1 events (all good), 0 – 3.996 s, baseline off, ~37 kB, data not loaded,
 '1': 1>"
0,"<Epochs |  1 events (all good), 0 – 3.996 s, baseline off, ~37 kB, data not loaded,
 '1': 1>"
0,"<Epochs |  1 events (all good), 0 – 3.996 s, baseline off, ~37 kB, data not loaded,
 '1': 1>"
0,"<Epochs |  1 events (all good), 0 – 3.996 s, baseline off, ~37 kB, data not loaded,
 '1': 1>"
0,"<Epochs |  1 events (all good), 0 – 3.996 s, baseline off, ~37 kB, data not loaded,
 '1': 1>"
0,"<Epochs |  1 events (all good), 0 – 3.996 s, baseline off, ~37 kB, data not loaded,
 '1': 1>"
0,"<Epochs |  1 events (all good), 0 – 3.996 s, baseline off, ~37 kB, data not loaded,
 '1': 1>"
0,"<Epochs |  1 events (all good), 0 – 3.996 s, baseline off, ~37 kB, data not loaded,
 '1': 1>"
0,"<Epochs |  1 events (all good), 0 – 3.996 s, baseline off, ~37 kB, data not loaded,
 '1': 1>"
0,"<Epochs |  1 events (all good), 0 – 3.996 s, baseline off, ~37 kB, data not loaded,
 '1': 1>"
0,"<Epochs |  1 events (all good), 0 – 3.996 s, baseline off, ~37 kB, data not loaded,
 '1': 1>"
0,"<Epochs |  1 events (all good), 0 – 3.996 s, baseline off, ~37 kB, data not loaded,
 '1': 1>"
0,"<Epochs |  1 events (all good), 0 – 3.996 s, baseline off, ~37 kB, data not loaded,
 '1': 1>"
0,"<Epochs |  1 events (all good), 0 – 3.996 s, baseline off, ~37 kB, data not loaded,
 '1': 1>"
0,"<Epochs |  1 events (all good), 0 – 3.996 s, baseline off, ~37 kB, data not loaded,
 '1': 1>"
0,"<Epochs |  1 events (all good), 0 – 3.996 s, baseline off, ~37 kB, data not loaded,
 '1': 1>"
0,"<Epochs |  1 events (all good), 0 – 3.996 s, baseline off, ~37 kB, data not loaded,
 '1': 1>"
0,"<Epochs |  1 events (all good), 0 – 3.996 s, baseline off, ~37 kB, data not loaded,
 '1': 1>"
0,"<Epochs |  1 events (all good), 0 – 3.996 s, baseline off, ~37 kB, data not loaded,
 '1': 1>"
0,"<Epochs |  1 events (all good), 0 – 3.996 s, baseline off, ~37 kB, data not loaded,
 '1': 1>"
0,"<Epochs |  1 events (all good), 0 – 3.996 s, baseline off, ~37 kB, data not loaded,
 '1': 1>"
0,"<Epochs |  1 events (all good), 0 – 3.996 s, baseline off, ~37 kB, data not loaded,
 '1': 1>"
0,"<Epochs |  1 events (all good), 0 – 3.996 s, baseline off, ~37 kB, data not loaded,
 '1': 1>"
0,"<Epochs |  1 events (all good), 0 – 3.996 s, baseline off, ~37 kB, data not loaded,
 '1': 1>"
0,"<Epochs |  1 events (all good), 0 – 3.996 s, baseline off, ~37 kB, data not loaded,
 '1': 1>"
0,"<Epochs |  1 events (all good), 0 – 3.996 s, baseline off, ~37 kB, data not loaded,
 '1': 1>"
0,"<Epochs |  1 events (all good), 0 – 3.996 s, baseline off, ~37 kB, data not loaded,
 '1': 1>"
0,"<Epochs |  1 events (all good), 0 – 3.996 s, baseline off, ~37 kB, data not loaded,
 '1': 1>"
0,"<Epochs |  1 events (all good), 0 – 3.996 s, baseline off, ~37 kB, data not loaded,
 '1': 1>"
0,"<Epochs |  1 events (all good), 0 – 3.996 s, baseline off, ~37 kB, data not loaded,
 '1': 1>"
0,"<Epochs |  1 events (all good), 0 – 3.996 s, baseline off, ~37 kB, data not loaded,
 '1': 1>"
0,"<Epochs |  1 events (all good), 0 – 3.996 s, baseline off, ~37 kB, data not loaded,
 '1': 1>"
0,"<Epochs |  1 events (all good), 0 – 3.996 s, baseline off, ~37 kB, data not loaded,
 '1': 1>"
0,"<Epochs |  1 events (all good), 0 – 3.996 s, baseline off, ~37 kB, data not loaded,
 '1': 1>"
0,"<Epochs |  1 events (all good), 0 – 3.996 s, baseline off, ~37 kB, data not loaded,
 '1': 1>"
0,"<Epochs |  1 events (all good), 0 – 3.996 s, baseline off, ~37 kB, data not loaded,
 '1': 1>"
0,"<Epochs |  1 events (all good), 0 – 3.996 s, baseline off, ~37 kB, data not loaded,
 '1': 1>"
0,"<Epochs |  1 events (all good), 0 – 3.996 s, baseline off, ~37 kB, data not loaded,
 '1': 1>"
0,"<Epochs |  1 events (all good), 0 – 3.996 s, baseline off, ~37 kB, data not loaded,
 '1': 1>"
0,"<Epochs |  1 events (all good), 0 – 3.996 s, baseline off, ~37 kB, data not loaded,
 '1': 1>"
0,"<Epochs |  1 events (all good), 0 – 3.996 s, baseline off, ~37 kB, data not loaded,
 '1': 1>"
0,"<Epochs |  1 events (all good), 0 – 3.996 s, baseline off, ~37 kB, data not loaded,
 '1': 1>"
0,"<Epochs |  1 events (all good), 0 – 3.996 s, baseline off, ~37 kB, data not loaded,
 '1': 1>"
0,"<Epochs |  1 events (all good), 0 – 3.996 s, baseline off, ~37 kB, data not loaded,
 '1': 1>"
0,"<Epochs |  1 events (all good), 0 – 3.996 s, baseline off, ~37 kB, data not loaded,
 '1': 1>"
0,"<Epochs |  1 events (all good), 0 – 3.996 s, baseline off, ~37 kB, data not loaded,
 '1': 1>"
0,"<Epochs |  1 events (all good), 0 – 3.996 s, baseline off, ~37 kB, data not loaded,
 '1': 1>"
0,"<Epochs |  1 events (all good), 0 – 3.996 s, baseline off, ~37 kB, data not loaded,
 '1': 1>"
0,"<Epochs |  1 events (all good), 0 – 3.996 s, baseline off, ~37 kB, data not loaded,
 '1': 1>"
0,"<Epochs |  1 events (all good), 0 – 3.996 s, baseline off, ~37 kB, data not loaded,
 '1': 1>"
0,"<Epochs |  1 events (all good), 0 – 3.996 s, baseline off, ~37 kB, data not loaded,
 '1': 1>"
0,"<Epochs |  1 events (all good), 0 – 3.996 s, baseline off, ~37 kB, data not loaded,
 '1': 1>"
0,"<Epochs |  1 events (all good), 0 – 3.996 s, baseline off, ~37 kB, data not loaded,
 '1': 1>"
0,"<Epochs |  1 events (all good), 0 – 3.996 s, baseline off, ~37 kB, data not loaded,
 '1': 1>"
0,"<Epochs |  1 events (all good), 0 – 3.996 s, baseline off, ~37 kB, data not loaded,
 '1': 1>"
0,"<Epochs |  1 events (all good), 0 – 3.996 s, baseline off, ~37 kB, data not loaded,
 '1': 1>"
0,"<Epochs |  1 events (all good), 0 – 3.996 s, baseline off, ~37 kB, data not loaded,
 '1': 1>"
0,"<Epochs |  1 events (all good), 0 – 3.996 s, baseline off, ~37 kB, data not loaded,
 '1': 1>"
0,"<Epochs |  1 events (all good), 0 – 3.996 s, baseline off, ~37 kB, data not loaded,
 '1': 1>"
0,"<Epochs |  1 events (all good), 0 – 3.996 s, baseline off, ~37 kB, data not loaded,
 '1': 1>"
0,"<Epochs |  1 events (all good), 0 – 3.996 s, baseline off, ~37 kB, data not loaded,
 '1': 1>"
0,"<Epochs |  1 events (all good), 0 – 3.996 s, baseline off, ~37 kB, data not loaded,
 '1': 1>"
0,"<Epochs |  1 events (all good), 0 – 3.996 s, baseline off, ~37 kB, data not loaded,
 '1': 1>"
0,"<Epochs |  1 events (all good), 0 – 3.996 s, baseline off, ~37 kB, data not loaded,
 '1': 1>"
0,"<Epochs |  1 events (all good), 0 – 3.996 s, baseline off, ~37 kB, data not loaded,
 '1': 1>"
0,"<Epochs |  1 events (all good), 0 – 3.996 s, baseline off, ~37 kB, data not loaded,
 '1': 1>"
0,"<Epochs |  1 events (all good), 0 – 3.996 s, baseline off, ~37 kB, data not loaded,
 '1': 1>"
0,"<Epochs |  1 events (all good), 0 – 3.996 s, baseline off, ~37 kB, data not loaded,
 '1': 1>"
0,"<Epochs |  1 events (all good), 0 – 3.996 s, baseline off, ~37 kB, data not loaded,
 '1': 1>"
0,"<Epochs |  1 events (all good), 0 – 3.996 s, baseline off, ~37 kB, data not loaded,
 '1': 1>"
0,"<Epochs |  1 events (all good), 0 – 3.996 s, baseline off, ~37 kB, data not loaded,
 '1': 1>"
0,"<Epochs |  1 events (all good), 0 – 3.996 s, baseline off, ~37 kB, data not loaded,
 '1': 1>"
0,"<Epochs |  1 events (all good), 0 – 3.996 s, baseline off, ~37 kB, data not loaded,
 '1': 1>"
0,"<Epochs |  1 events (all good), 0 – 3.996 s, baseline off, ~37 kB, data not loaded,
 '1': 1>"
0,"<Epochs |  1 events (all good), 0 – 3.996 s, baseline off, ~37 kB, data not loaded,
 '1': 1>"
0,"<Epochs |  1 events (all good), 0 – 3.996 s, baseline off, ~37 kB, data not loaded,
 '1': 1>"
0,"<Epochs |  1 events (all good), 0 – 3.996 s, baseline off, ~37 kB, data not loaded,
 '1': 1>"
0,"<Epochs |  1 events (all good), 0 – 3.996 s, baseline off, ~37 kB, data not loaded,
 '1': 1>"
0,"<Epochs |  1 events (all good), 0 – 3.996 s, baseline off, ~37 kB, data not loaded,
 '1': 1>"
0,"<Epochs |  1 events (all good), 0 – 3.996 s, baseline off, ~37 kB, data not loaded,
 '1': 1>"
0,"<Epochs |  1 events (all good), 0 – 3.996 s, baseline off, ~37 kB, data not loaded,
 '1': 1>"
0,"<Epochs |  1 events (all good), 0 – 3.996 s, baseline off, ~37 kB, data not loaded,
 '1': 1>"
0,"<Epochs |  1 events (all good), 0 – 3.996 s, baseline off, ~37 kB, data not loaded,
 '1': 1>"
0,"<Epochs |  1 events (all good), 0 – 3.996 s, baseline off, ~37 kB, data not loaded,
 '1': 1>"
0,"<Epochs |  1 events (all good), 0 – 3.996 s, baseline off, ~37 kB, data not loaded,
 '1': 1>"
0,"<Epochs |  1 events (all good), 0 – 3.996 s, baseline off, ~37 kB, data not loaded,
 '1': 1>"
0,"<Epochs |  1 events (all good), 0 – 3.996 s, baseline off, ~37 kB, data not loaded,
 '1': 1>"
0,"<Epochs |  1 events (all good), 0 – 3.996 s, baseline off, ~37 kB, data not loaded,
 '1': 1>"
0,"<Epochs |  1 events (all good), 0 – 3.996 s, baseline off, ~37 kB, data not loaded,
 '1': 1>"
0,"<Epochs |  1 events (all good), 0 – 3.996 s, baseline off, ~37 kB, data not loaded,
 '1': 1>"
0,"<Epochs |  1 events (all good), 0 – 3.996 s, baseline off, ~37 kB, data not loaded,
 '1': 1>"
0,"<Epochs |  1 events (all good), 0 – 3.996 s, baseline off, ~37 kB, data not loaded,
 '1': 1>"
0,"<Epochs |  1 events (all good), 0 – 3.996 s, baseline off, ~37 kB, data not loaded,
 '1': 1>"
0,"<Epochs |  1 events (all good), 0 – 3.996 s, baseline off, ~37 kB, data not loaded,
 '1': 1>"
0,"<Epochs |  1 events (all good), 0 – 3.996 s, baseline off, ~37 kB, data not loaded,
 '1': 1>"
0,"<Epochs |  1 events (all good), 0 – 3.996 s, baseline off, ~37 kB, data not loaded,
 '1': 1>"
0,"<Epochs |  1 events (all good), 0 – 3.996 s, baseline off, ~37 kB, data not loaded,
 '1': 1>"
0,"<Epochs |  1 events (all good), 0 – 3.996 s, baseline off, ~37 kB, data not loaded,
 '1': 1>"
0,"<Epochs |  1 events (all good), 0 – 3.996 s, baseline off, ~37 kB, data not loaded,
 '1': 1>"
0,"<Epochs |  1 events (all good), 0 – 3.996 s, baseline off, ~37 kB, data not loaded,
 '1': 1>"
0,"<Epochs |  1 events (all good), 0 – 3.996 s, baseline off, ~37 kB, data not loaded,
 '1': 1>"
0,"<Epochs |  1 events (all good), 0 – 3.996 s, baseline off, ~37 kB, data not loaded,
 '1': 1>"
0,"<Epochs |  1 events (all good), 0 – 3.996 s, baseline off, ~37 kB, data not loaded,
 '1': 1>"
0,"<Epochs |  1 events (all good), 0 – 3.996 s, baseline off, ~37 kB, data not loaded,
 '1': 1>"
0,"<Epochs |  1 events (all good), 0 – 3.996 s, baseline off, ~37 kB, data not loaded,
 '1': 1>"
0,"<Epochs |  1 events (all good), 0 – 3.996 s, baseline off, ~37 kB, data not loaded,
 '1': 1>"
0,"<Epochs |  1 events (all good), 0 – 3.996 s, baseline off, ~37 kB, data not loaded,
 '1': 1>"
0,"<Epochs |  1 events (all good), 0 – 3.996 s, baseline off, ~37 kB, data not loaded,
 '1': 1>"
0,"<Epochs |  1 events (all good), 0 – 3.996 s, baseline off, ~37 kB, data not loaded,
 '1': 1>"
0.5,"<Epochs |  1 events (all good), 0 – 3.996 s, baseline off, ~37 kB, data not loaded,
 '1': 1>"
1,"<Epochs |  1 events (all good), 0 – 3.996 s, baseline off, ~37 kB, data not loaded,
 '1': 1>"
1,"<Epochs |  1 events (all good), 0 – 3.996 s, baseline off, ~37 kB, data not loaded,
 '1': 1>"
1,"<Epochs |  1 events (all good), 0 – 3.996 s, baseline off, ~37 kB, data not loaded,
 '1': 1>"
1,"<Epochs |  1 events (all good), 0 – 3.996 s, baseline off, ~37 kB, data not loaded,
 '1': 1>"
1,"<Epochs |  1 events (all good), 0 – 3.996 s, baseline off, ~37 kB, data not loaded,
 '1': 1>"
0.5,"<Epochs |  1 events (all good), 0 – 3.996 s, baseline off, ~37 kB, data not loaded,
 '1': 1>"
0,"<Epochs |  1 events (all good), 0 – 3.996 s, baseline off, ~37 kB, data not loaded,
 '1': 1>"
0,"<Epochs |  1 events (all good), 0 – 3.996 s, baseline off, ~37 kB, data not loaded,
 '1': 1>"
0,"<Epochs |  1 events (all good), 0 – 3.996 s, baseline off, ~37 kB, data not loaded,
 '1': 1>"
0,"<Epochs |  1 events (all good), 0 – 3.996 s, baseline off, ~37 kB, data not loaded,
 '1': 1>"
0,"<Epochs |  1 events (all good), 0 – 3.996 s, baseline off, ~37 kB, data not loaded,
 '1': 1>"
0,"<Epochs |  1 events (all good), 0 – 3.996 s, baseline off, ~37 kB, data not loaded,
 '1': 1>"
0,"<Epochs |  1 events (all good), 0 – 3.996 s, baseline off, ~37 kB, data not loaded,
 '1': 1>"
0,"<Epochs |  1 events (all good), 0 – 3.996 s, baseline off, ~37 kB, data not loaded,
 '1': 1>"
0,"<Epochs |  1 events (all good), 0 – 3.996 s, baseline off, ~37 kB, data not loaded,
 '1': 1>"
0,"<Epochs |  1 events (all good), 0 – 3.996 s, baseline off, ~37 kB, data not loaded,
 '1': 1>"
0,"<Epochs |  1 events (all good), 0 – 3.996 s, baseline off, ~37 kB, data not loaded,
 '1': 1>"
0,"<Epochs |  1 events (all good), 0 – 3.996 s, baseline off, ~37 kB, data not loaded,
 '1': 1>"
0,"<Epochs |  1 events (all good), 0 – 3.996 s, baseline off, ~37 kB, data not loaded,
 '1': 1>"
0,"<Epochs |  1 events (all good), 0 – 3.996 s, baseline off, ~37 kB, data not loaded,
 '1': 1>"
0,"<Epochs |  1 events (all good), 0 – 3.996 s, baseline off, ~37 kB, data not loaded,
 '1': 1>"
0,"<Epochs |  1 events (all good), 0 – 3.996 s, baseline off, ~37 kB, data not loaded,
 '1': 1>"
0,"<Epochs |  1 events (all good), 0 – 3.996 s, baseline off, ~37 kB, data not loaded,
 '1': 1>"
0,"<Epochs |  1 events (all good), 0 – 3.996 s, baseline off, ~37 kB, data not loaded,
 '1': 1>"
0,"<Epochs |  1 events (all good), 0 – 3.996 s, baseline off, ~37 kB, data not loaded,
 '1': 1>"
0,"<Epochs |  1 events (all good), 0 – 3.996 s, baseline off, ~37 kB, data not loaded,
 '1': 1>"
0,"<Epochs |  1 events (all good), 0 – 3.996 s, baseline off, ~37 kB, data not loaded,
 '1': 1>"
0,"<Epochs |  1 events (all good), 0 – 3.996 s, baseline off, ~37 kB, data not loaded,
 '1': 1>"
0,"<Epochs |  1 events (all good), 0 – 3.996 s, baseline off, ~37 kB, data not loaded,
 '1': 1>"
0,"<Epochs |  1 events (all good), 0 – 3.996 s, baseline off, ~37 kB, data not loaded,
 '1': 1>"
0,"<Epochs |  1 events (all good), 0 – 3.996 s, baseline off, ~37 kB, data not loaded,
 '1': 1>"
0,"<Epochs |  1 events (all good), 0 – 3.996 s, baseline off, ~37 kB, data not loaded,
 '1': 1>"
0,"<Epochs |  1 events (all good), 0 – 3.996 s, baseline off, ~37 kB, data not loaded,
 '1': 1>"
0,"<Epochs |  1 events (all good), 0 – 3.996 s, baseline off, ~37 kB, data not loaded,
 '1': 1>"
0,"<Epochs |  1 events (all good), 0 – 3.996 s, baseline off, ~37 kB, data not loaded,
 '1': 1>"
0,"<Epochs |  1 events (all good), 0 – 3.996 s, baseline off, ~37 kB, data not loaded,
 '1': 1>"
0,"<Epochs |  1 events (all good), 0 – 3.996 s, baseline off, ~37 kB, data not loaded,
 '1': 1>"
0,"<Epochs |  1 events (all good), 0 – 3.996 s, baseline off, ~37 kB, data not loaded,
 '1': 1>"
0,"<Epochs |  1 events (all good), 0 – 3.996 s, baseline off, ~37 kB, data not loaded,
 '1': 1>"
0,"<Epochs |  1 events (all good), 0 – 3.996 s, baseline off, ~37 kB, data not loaded,
 '1': 1>"
0,"<Epochs |  1 events (all good), 0 – 3.996 s, baseline off, ~37 kB, data not loaded,
 '1': 1>"
0,"<Epochs |  1 events (all good), 0 – 3.996 s, baseline off, ~37 kB, data not loaded,
 '1': 1>"
0,"<Epochs |  1 events (all good), 0 – 3.996 s, baseline off, ~37 kB, data not loaded,
 '1': 1>"
0,"<Epochs |  1 events (all good), 0 – 3.996 s, baseline off, ~37 kB, data not loaded,
 '1': 1>"
0,"<Epochs |  1 events (all good), 0 – 3.996 s, baseline off, ~37 kB, data not loaded,
 '1': 1>"
0,"<Epochs |  1 events (all good), 0 – 3.996 s, baseline off, ~37 kB, data not loaded,
 '1': 1>"
0,"<Epochs |  1 events (all good), 0 – 3.996 s, baseline off, ~37 kB, data not loaded,
 '1': 1>"
0,"<Epochs |  1 events (all good), 0 – 3.996 s, baseline off, ~37 kB, data not loaded,
 '1': 1>"
0,"<Epochs |  1 events (all good), 0 – 3.996 s, baseline off, ~37 kB, data not loaded,
 '1': 1>"
0,"<Epochs |  1 events (all good), 0 – 3.996 s, baseline off, ~37 kB, data not loaded,
 '1': 1>"
0,"<Epochs |  1 events (all good), 0 – 3.996 s, baseline off, ~37 kB, data not loaded,
 '1': 1>"
0,"<Epochs |  1 events (all good), 0 – 3.996 s, baseline off, ~37 kB, data not loaded,
 '1': 1>"
0,"<Epochs |  1 events (all good), 0 – 3.996 s, baseline off, ~37 kB, data not loaded,
 '1': 1>"
0,"<Epochs |  1 events (all good), 0 – 3.996 s, baseline off, ~37 kB, data not loaded,
 '1': 1>"
0,"<Epochs |  1 events (all good), 0 – 3.996 s, baseline off, ~37 kB, data not loaded,
 '1': 1>"
0,"<Epochs |  1 events (all good), 0 – 3.996 s, baseline off, ~37 kB, data not loaded,
 '1': 1>"
0,"<Epochs |  1 events (all good), 0 – 3.996 s, baseline off, ~37 kB, data not loaded,
 '1': 1>"
0,"<Epochs |  1 events (all good), 0 – 3.996 s, baseline off, ~37 kB, data not loaded,
 '1': 1>"
0,"<Epochs |  1 events (all good), 0 – 3.996 s, baseline off, ~37 kB, data not loaded,
 '1': 1>"
0,"<Epochs |  1 events (all good), 0 – 3.996 s, baseline off, ~37 kB, data not loaded,
 '1': 1>"
0,"<Epochs |  1 events (all good), 0 – 3.996 s, baseline off, ~37 kB, data not loaded,
 '1': 1>"
0,"<Epochs |  1 events (all good), 0 – 3.996 s, baseline off, ~37 kB, data not loaded,
 '1': 1>"
0,"<Epochs |  1 events (all good), 0 – 3.996 s, baseline off, ~37 kB, data not loaded,
 '1': 1>"
0,"<Epochs |  1 events (all good), 0 – 3.996 s, baseline off, ~37 kB, data not loaded,
 '1': 1>"
0,"<Epochs |  1 events (all good), 0 – 3.996 s, baseline off, ~37 kB, data not loaded,
 '1': 1>"
0,"<Epochs |  1 events (all good), 0 – 3.996 s, baseline off, ~37 kB, data not loaded,
 '1': 1>"
0,"<Epochs |  1 events (all good), 0 – 3.996 s, baseline off, ~37 kB, data not loaded,
 '1': 1>"
0,"<Epochs |  1 events (all good), 0 – 3.996 s, baseline off, ~37 kB, data not loaded,
 '1': 1>"
0,"<Epochs |  1 events (all good), 0 – 3.996 s, baseline off, ~37 kB, data not loaded,
 '1': 1>"
0,"<Epochs |  1 events (all good), 0 – 3.996 s, baseline off, ~37 kB, data not loaded,
 '1': 1>"
0,"<Epochs |  1 events (all good), 0 – 3.996 s, baseline off, ~37 kB, data not loaded,
 '1': 1>"
0,"<Epochs |  1 events (all good), 0 – 3.996 s, baseline off, ~37 kB, data not loaded,
 '1': 1>"
0,"<Epochs |  1 events (all good), 0 – 3.996 s, baseline off, ~37 kB, data not loaded,
 '1': 1>"
0,"<Epochs |  1 events (all good), 0 – 3.996 s, baseline off, ~37 kB, data not loaded,
 '1': 1>"
0,"<Epochs |  1 events (all good), 0 – 3.996 s, baseline off, ~37 kB, data not loaded,
 '1': 1>"
0,"<Epochs |  1 events (all good), 0 – 3.996 s, baseline off, ~37 kB, data not loaded,
 '1': 1>"
0,"<Epochs |  1 events (all good), 0 – 3.996 s, baseline off, ~37 kB, data not loaded,
 '1': 1>"
0,"<Epochs |  1 events (all good), 0 – 3.996 s, baseline off, ~37 kB, data not loaded,
 '1': 1>"
0,"<Epochs |  1 events (all good), 0 – 3.996 s, baseline off, ~37 kB, data not loaded,
 '1': 1>"
0,"<Epochs |  1 events (all good), 0 – 3.996 s, baseline off, ~37 kB, data not loaded,
 '1': 1>"
0,"<Epochs |  1 events (all good), 0 – 3.996 s, baseline off, ~37 kB, data not loaded,
 '1': 1>"
0,"<Epochs |  1 events (all good), 0 – 3.996 s, baseline off, ~37 kB, data not loaded,
 '1': 1>"
0,"<Epochs |  1 events (all good), 0 – 3.996 s, baseline off, ~37 kB, data not loaded,
 '1': 1>"
0,"<Epochs |  1 events (all good), 0 – 3.996 s, baseline off, ~37 kB, data not loaded,
 '1': 1>"
0,"<Epochs |  1 events (all good), 0 – 3.996 s, baseline off, ~37 kB, data not loaded,
 '1': 1>"
0,"<Epochs |  1 events (all good), 0 – 3.996 s, baseline off, ~37 kB, data not loaded,
 '1': 1>"
0,"<Epochs |  1 events (all good), 0 – 3.996 s, baseline off, ~37 kB, data not loaded,
 '1': 1>"
0,"<Epochs |  1 events (all good), 0 – 3.996 s, baseline off, ~37 kB, data not loaded,
 '1': 1>"
0,"<Epochs |  1 events (all good), 0 – 3.996 s, baseline off, ~37 kB, data not loaded,
 '1': 1>"
0,"<Epochs |  1 events (all good), 0 – 3.996 s, baseline off, ~37 kB, data not loaded,
 '1': 1>"
0,"<Epochs |  1 events (all good), 0 – 3.996 s, baseline off, ~37 kB, data not loaded,
 '1': 1>"
0,"<Epochs |  1 events (all good), 0 – 3.996 s, baseline off, ~37 kB, data not loaded,
 '1': 1>"
0,"<Epochs |  1 events (all good), 0 – 3.996 s, baseline off, ~37 kB, data not loaded,
 '1': 1>"
0.5,"<Epochs |  1 events (all good), 0 – 3.996 s, baseline off, ~37 kB, data not loaded,
 '1': 1>"
1,"<Epochs |  1 events (all good), 0 – 3.996 s, baseline off, ~37 kB, data not loaded,
 '1': 1>"
1,"<Epochs |  1 events (all good), 0 – 3.996 s, baseline off, ~37 kB, data not loaded,
 '1': 1>"
1,"<Epochs |  1 events (all good), 0 – 3.996 s, baseline off, ~37 kB, data not loaded,
 '1': 1>"
1,"<Epochs |  1 events (all good), 0 – 3.996 s, baseline off, ~37 kB, data not loaded,
 '1': 1>"
1,"<Epochs |  1 events (all good), 0 – 3.996 s, baseline off, ~37 kB, data not loaded,
 '1': 1>"
1,"<Epochs |  1 events (all good), 0 – 3.996 s, baseline off, ~37 kB, data not loaded,
 '1': 1>"
1,"<Epochs |  1 events (all good), 0 – 3.996 s, baseline off, ~37 kB, data not loaded,
 '1': 1>"
0.5,"<Epochs |  1 events (all good), 0 – 3.996 s, baseline off, ~37 kB, data not loaded,
 '1': 1>"
0,"<Epochs |  1 events (all good), 0 – 3.996 s, baseline off, ~37 kB, data not loaded,
 '1': 1>"
0,"<Epochs |  1 events (all good), 0 – 3.996 s, baseline off, ~37 kB, data not loaded,
 '1': 1>"
0,"<Epochs |  1 events (all good), 0 – 3.996 s, baseline off, ~37 kB, data not loaded,
 '1': 1>"
0,"<Epochs |  1 events (all good), 0 – 3.996 s, baseline off, ~37 kB, data not loaded,
 '1': 1>"
0,"<Epochs |  1 events (all good), 0 – 3.996 s, baseline off, ~37 kB, data not loaded,
 '1': 1>"
0,"<Epochs |  1 events (all good), 0 – 3.996 s, baseline off, ~37 kB, data not loaded,
 '1': 1>"
0,"<Epochs |  1 events (all good), 0 – 3.996 s, baseline off, ~37 kB, data not loaded,
 '1': 1>"
0,"<Epochs |  1 events (all good), 0 – 3.996 s, baseline off, ~37 kB, data not loaded,
 '1': 1>"
0,"<Epochs |  1 events (all good), 0 – 3.996 s, baseline off, ~37 kB, data not loaded,
 '1': 1>"
0,"<Epochs |  1 events (all good), 0 – 3.996 s, baseline off, ~37 kB, data not loaded,
 '1': 1>"
0,"<Epochs |  1 events (all good), 0 – 3.996 s, baseline off, ~37 kB, data not loaded,
 '1': 1>"
0,"<Epochs |  1 events (all good), 0 – 3.996 s, baseline off, ~37 kB, data not loaded,
 '1': 1>"
0,"<Epochs |  1 events (all good), 0 – 3.996 s, baseline off, ~37 kB, data not loaded,
 '1': 1>"
0,"<Epochs |  1 events (all good), 0 – 3.996 s, baseline off, ~37 kB, data not loaded,
 '1': 1>"
0,"<Epochs |  1 events (all good), 0 – 3.996 s, baseline off, ~37 kB, data not loaded,
 '1': 1>"
0,"<Epochs |  1 events (all good), 0 – 3.996 s, baseline off, ~37 kB, data not loaded,
 '1': 1>"
0,"<Epochs |  1 events (all good), 0 – 3.996 s, baseline off, ~37 kB, data not loaded,
 '1': 1>"
0,"<Epochs |  1 events (all good), 0 – 3.996 s, baseline off, ~37 kB, data not loaded,
 '1': 1>"
0,"<Epochs |  1 events (all good), 0 – 3.996 s, baseline off, ~37 kB, data not loaded,
 '1': 1>"
0,"<Epochs |  1 events (all good), 0 – 3.996 s, baseline off, ~37 kB, data not loaded,
 '1': 1>"
0,"<Epochs |  1 events (all good), 0 – 3.996 s, baseline off, ~37 kB, data not loaded,
 '1': 1>"
0,"<Epochs |  1 events (all good), 0 – 3.996 s, baseline off, ~37 kB, data not loaded,
 '1': 1>"
0,"<Epochs |  1 events (all good), 0 – 3.996 s, baseline off, ~37 kB, data not loaded,
 '1': 1>"
0,"<Epochs |  1 events (all good), 0 – 3.996 s, baseline off, ~37 kB, data not loaded,
 '1': 1>"
0,"<Epochs |  1 events (all good), 0 – 3.996 s, baseline off, ~37 kB, data not loaded,
 '1': 1>"
0,"<Epochs |  1 events (all good), 0 – 3.996 s, baseline off, ~37 kB, data not loaded,
 '1': 1>"
0,"<Epochs |  1 events (all good), 0 – 3.996 s, baseline off, ~37 kB, data not loaded,
 '1': 1>"
0,"<Epochs |  1 events (all good), 0 – 3.996 s, baseline off, ~37 kB, data not loaded,
 '1': 1>"
0,"<Epochs |  1 events (all good), 0 – 3.996 s, baseline off, ~37 kB, data not loaded,
 '1': 1>"
0,"<Epochs |  1 events (all good), 0 – 3.996 s, baseline off, ~37 kB, data not loaded,
 '1': 1>"
0,"<Epochs |  1 events (all good), 0 – 3.996 s, baseline off, ~37 kB, data not loaded,
 '1': 1>"
0,"<Epochs |  1 events (all good), 0 – 3.996 s, baseline off, ~37 kB, data not loaded,
 '1': 1>"
0,"<Epochs |  1 events (all good), 0 – 3.996 s, baseline off, ~37 kB, data not loaded,
 '1': 1>"
0,"<Epochs |  1 events (all good), 0 – 3.996 s, baseline off, ~37 kB, data not loaded,
 '1': 1>"
0,"<Epochs |  1 events (all good), 0 – 3.996 s, baseline off, ~37 kB, data not loaded,
 '1': 1>"
0,"<Epochs |  1 events (all good), 0 – 3.996 s, baseline off, ~37 kB, data not loaded,
 '1': 1>"
0,"<Epochs |  1 events (all good), 0 – 3.996 s, baseline off, ~37 kB, data not loaded,
 '1': 1>"
0,"<Epochs |  1 events (all good), 0 – 3.996 s, baseline off, ~37 kB, data not loaded,
 '1': 1>"
0,"<Epochs |  1 events (all good), 0 – 3.996 s, baseline off, ~37 kB, data not loaded,
 '1': 1>"
0,"<Epochs |  1 events (all good), 0 – 3.996 s, baseline off, ~37 kB, data not loaded,
 '1': 1>"
0,"<Epochs |  1 events (all good), 0 – 3.996 s, baseline off, ~37 kB, data not loaded,
 '1': 1>"
0,"<Epochs |  1 events (all good), 0 – 3.996 s, baseline off, ~37 kB, data not loaded,
 '1': 1>"
0,"<Epochs |  1 events (all good), 0 – 3.996 s, baseline off, ~37 kB, data not loaded,
 '1': 1>"
0,"<Epochs |  1 events (all good), 0 – 3.996 s, baseline off, ~37 kB, data not loaded,
 '1': 1>"
0,"<Epochs |  1 events (all good), 0 – 3.996 s, baseline off, ~37 kB, data not loaded,
 '1': 1>"
0,"<Epochs |  1 events (all good), 0 – 3.996 s, baseline off, ~37 kB, data not loaded,
 '1': 1>"
0,"<Epochs |  1 events (all good), 0 – 3.996 s, baseline off, ~37 kB, data not loaded,
 '1': 1>"
0,"<Epochs |  1 events (all good), 0 – 3.996 s, baseline off, ~37 kB, data not loaded,
 '1': 1>"
0,"<Epochs |  1 events (all good), 0 – 3.996 s, baseline off, ~37 kB, data not loaded,
 '1': 1>"
0,"<Epochs |  1 events (all good), 0 – 3.996 s, baseline off, ~37 kB, data not loaded,
 '1': 1>"
0,"<Epochs |  1 events (all good), 0 – 3.996 s, baseline off, ~37 kB, data not loaded,
 '1': 1>"
0,"<Epochs |  1 events (all good), 0 – 3.996 s, baseline off, ~37 kB, data not loaded,
 '1': 1>"
0,"<Epochs |  1 events (all good), 0 – 3.996 s, baseline off, ~37 kB, data not loaded,
 '1': 1>"
0,"<Epochs |  1 events (all good), 0 – 3.996 s, baseline off, ~37 kB, data not loaded,
 '1': 1>"
0,"<Epochs |  1 events (all good), 0 – 3.996 s, baseline off, ~37 kB, data not loaded,
 '1': 1>"
0,"<Epochs |  1 events (all good), 0 – 3.996 s, baseline off, ~37 kB, data not loaded,
 '1': 1>"
0,"<Epochs |  1 events (all good), 0 – 3.996 s, baseline off, ~37 kB, data not loaded,
 '1': 1>"
0,"<Epochs |  1 events (all good), 0 – 3.996 s, baseline off, ~37 kB, data not loaded,
 '1': 1>"
0,"<Epochs |  1 events (all good), 0 – 3.996 s, baseline off, ~37 kB, data not loaded,
 '1': 1>"
0,"<Epochs |  1 events (all good), 0 – 3.996 s, baseline off, ~37 kB, data not loaded,
 '1': 1>"
0,"<Epochs |  1 events (all good), 0 – 3.996 s, baseline off, ~37 kB, data not loaded,
 '1': 1>"
0,"<Epochs |  1 events (all good), 0 – 3.996 s, baseline off, ~37 kB, data not loaded,
 '1': 1>"
0,"<Epochs |  1 events (all good), 0 – 3.996 s, baseline off, ~37 kB, data not loaded,
 '1': 1>"
0,"<Epochs |  1 events (all good), 0 – 3.996 s, baseline off, ~37 kB, data not loaded,
 '1': 1>"
0,"<Epochs |  1 events (all good), 0 – 3.996 s, baseline off, ~37 kB, data not loaded,
 '1': 1>"
0,"<Epochs |  1 events (all good), 0 – 3.996 s, baseline off, ~37 kB, data not loaded,
 '1': 1>"
0,"<Epochs |  1 events (all good), 0 – 3.996 s, baseline off, ~37 kB, data not loaded,
 '1': 1>"
0,"<Epochs |  1 events (all good), 0 – 3.996 s, baseline off, ~37 kB, data not loaded,
 '1': 1>"
0,"<Epochs |  1 events (all good), 0 – 3.996 s, baseline off, ~37 kB, data not loaded,
 '1': 1>"
0,"<Epochs |  1 events (all good), 0 – 3.996 s, baseline off, ~37 kB, data not loaded,
 '1': 1>"
0,"<Epochs |  1 events (all good), 0 – 3.996 s, baseline off, ~37 kB, data not loaded,
 '1': 1>"
0,"<Epochs |  1 events (all good), 0 – 3.996 s, baseline off, ~37 kB, data not loaded,
 '1': 1>"
0,"<Epochs |  1 events (all good), 0 – 3.996 s, baseline off, ~37 kB, data not loaded,
 '1': 1>"
0,"<Epochs |  1 events (all good), 0 – 3.996 s, baseline off, ~37 kB, data not loaded,
 '1': 1>"
0,"<Epochs |  1 events (all good), 0 – 3.996 s, baseline off, ~37 kB, data not loaded,
 '1': 1>"
0,"<Epochs |  1 events (all good), 0 – 3.996 s, baseline off, ~37 kB, data not loaded,
 '1': 1>"
0,"<Epochs |  1 events (all good), 0 – 3.996 s, baseline off, ~37 kB, data not loaded,
 '1': 1>"
0,"<Epochs |  1 events (all good), 0 – 3.996 s, baseline off, ~37 kB, data not loaded,
 '1': 1>"
0,"<Epochs |  1 events (all good), 0 – 3.996 s, baseline off, ~37 kB, data not loaded,
 '1': 1>"
0,"<Epochs |  1 events (all good), 0 – 3.996 s, baseline off, ~37 kB, data not loaded,
 '1': 1>"
0,"<Epochs |  1 events (all good), 0 – 3.996 s, baseline off, ~37 kB, data not loaded,
 '1': 1>"
0,"<Epochs |  1 events (all good), 0 – 3.996 s, baseline off, ~37 kB, data not loaded,
 '1': 1>"
0,"<Epochs |  1 events (all good), 0 – 3.996 s, baseline off, ~37 kB, data not loaded,
 '1': 1>"
0,"<Epochs |  1 events (all good), 0 – 3.996 s, baseline off, ~37 kB, data not loaded,
 '1': 1>"
0,"<Epochs |  1 events (all good), 0 – 3.996 s, baseline off, ~37 kB, data not loaded,
 '1': 1>"
0,"<Epochs |  1 events (all good), 0 – 3.996 s, baseline off, ~37 kB, data not loaded,
 '1': 1>"
0,"<Epochs |  1 events (all good), 0 – 3.996 s, baseline off, ~37 kB, data not loaded,
 '1': 1>"
0,"<Epochs |  1 events (all good), 0 – 3.996 s, baseline off, ~37 kB, data not loaded,
 '1': 1>"
0,"<Epochs |  1 events (all good), 0 – 3.996 s, baseline off, ~37 kB, data not loaded,
 '1': 1>"
0,"<Epochs |  1 events (all good), 0 – 3.996 s, baseline off, ~37 kB, data not loaded,
 '1': 1>"
0,"<Epochs |  1 events (all good), 0 – 3.996 s, baseline off, ~37 kB, data not loaded,
 '1': 1>"
0,"<Epochs |  1 events (all good), 0 – 3.996 s, baseline off, ~37 kB, data not loaded,
 '1': 1>"
0,"<Epochs |  1 events (all good), 0 – 3.996 s, baseline off, ~37 kB, data not loaded,
 '1': 1>"
0,"<Epochs |  1 events (all good), 0 – 3.996 s, baseline off, ~37 kB, data not loaded,
 '1': 1>"
0,"<Epochs |  1 events (all good), 0 – 3.996 s, baseline off, ~37 kB, data not loaded,
 '1': 1>"
0,"<Epochs |  1 events (all good), 0 – 3.996 s, baseline off, ~37 kB, data not loaded,
 '1': 1>"
0,"<Epochs |  1 events (all good), 0 – 3.996 s, baseline off, ~37 kB, data not loaded,
 '1': 1>"
0,"<Epochs |  1 events (all good), 0 – 3.996 s, baseline off, ~37 kB, data not loaded,
 '1': 1>"
0,"<Epochs |  1 events (all good), 0 – 3.996 s, baseline off, ~37 kB, data not loaded,
 '1': 1>"
0,"<Epochs |  1 events (all good), 0 – 3.996 s, baseline off, ~37 kB, data not loaded,
 '1': 1>"
0,"<Epochs |  1 events (all good), 0 – 3.996 s, baseline off, ~37 kB, data not loaded,
 '1': 1>"
0,"<Epochs |  1 events (all good), 0 – 3.996 s, baseline off, ~37 kB, data not loaded,
 '1': 1>"
0,"<Epochs |  1 events (all good), 0 – 3.996 s, baseline off, ~37 kB, data not loaded,
 '1': 1>"
0,"<Epochs |  1 events (all good), 0 – 3.996 s, baseline off, ~37 kB, data not loaded,
 '1': 1>"
0,"<Epochs |  1 events (all good), 0 – 3.996 s, baseline off, ~37 kB, data not loaded,
 '1': 1>"
0,"<Epochs |  1 events (all good), 0 – 3.996 s, baseline off, ~37 kB, data not loaded,
 '1': 1>"
0,"<Epochs |  1 events (all good), 0 – 3.996 s, baseline off, ~37 kB, data not loaded,
 '1': 1>"
0,"<Epochs |  1 events (all good), 0 – 3.996 s, baseline off, ~37 kB, data not loaded,
 '1': 1>"
0,"<Epochs |  1 events (all good), 0 – 3.996 s, baseline off, ~37 kB, data not loaded,
 '1': 1>"
0,"<Epochs |  1 events (all good), 0 – 3.996 s, baseline off, ~37 kB, data not loaded,
 '1': 1>"
0,"<Epochs |  1 events (all good), 0 – 3.996 s, baseline off, ~37 kB, data not loaded,
 '1': 1>"
0,"<Epochs |  1 events (all good), 0 – 3.996 s, baseline off, ~37 kB, data not loaded,
 '1': 1>"
0,"<Epochs |  1 events (all good), 0 – 3.996 s, baseline off, ~37 kB, data not loaded,
 '1': 1>"
0,"<Epochs |  1 events (all good), 0 – 3.996 s, baseline off, ~37 kB, data not loaded,
 '1': 1>"
0,"<Epochs |  1 events (all good), 0 – 3.996 s, baseline off, ~37 kB, data not loaded,
 '1': 1>"
0,"<Epochs |  1 events (all good), 0 – 3.996 s, baseline off, ~37 kB, data not loaded,
 '1': 1>"
0,"<Epochs |  1 events (all good), 0 – 3.996 s, baseline off, ~37 kB, data not loaded,
 '1': 1>"
0,"<Epochs |  1 events (all good), 0 – 3.996 s, baseline off, ~37 kB, data not loaded,
 '1': 1>"
0,"<Epochs |  1 events (all good), 0 – 3.996 s, baseline off, ~37 kB, data not loaded,
 '1': 1>"
0,"<Epochs |  1 events (all good), 0 – 3.996 s, baseline off, ~37 kB, data not loaded,
 '1': 1>"
0,"<Epochs |  1 events (all good), 0 – 3.996 s, baseline off, ~37 kB, data not loaded,
 '1': 1>"
0,"<Epochs |  1 events (all good), 0 – 3.996 s, baseline off, ~37 kB, data not loaded,
 '1': 1>"
0,"<Epochs |  1 events (all good), 0 – 3.996 s, baseline off, ~37 kB, data not loaded,
 '1': 1>"
0,"<Epochs |  1 events (all good), 0 – 3.996 s, baseline off, ~37 kB, data not loaded,
 '1': 1>"
0,"<Epochs |  1 events (all good), 0 – 3.996 s, baseline off, ~37 kB, data not loaded,
 '1': 1>"
0,"<Epochs |  1 events (all good), 0 – 3.996 s, baseline off, ~37 kB, data not loaded,
 '1': 1>"
0,"<Epochs |  1 events (all good), 0 – 3.996 s, baseline off, ~37 kB, data not loaded,
 '1': 1>"
0,"<Epochs |  1 events (all good), 0 – 3.996 s, baseline off, ~37 kB, data not loaded,
 '1': 1>"
0,"<Epochs |  1 events (all good), 0 – 3.996 s, baseline off, ~37 kB, data not loaded,
 '1': 1>"
0,"<Epochs |  1 events (all good), 0 – 3.996 s, baseline off, ~37 kB, data not loaded,
 '1': 1>"
0,"<Epochs |  1 events (all good), 0 – 3.996 s, baseline off, ~37 kB, data not loaded,
 '1': 1>"
0,"<Epochs |  1 events (all good), 0 – 3.996 s, baseline off, ~37 kB, data not loaded,
 '1': 1>"
0,"<Epochs |  1 events (all good), 0 – 3.996 s, baseline off, ~37 kB, data not loaded,
 '1': 1>"
0,"<Epochs |  1 events (all good), 0 – 3.996 s, baseline off, ~37 kB, data not loaded,
 '1': 1>"
0,"<Epochs |  1 events (all good), 0 – 3.996 s, baseline off, ~37 kB, data not loaded,
 '1': 1>"
0,"<Epochs |  1 events (all good), 0 – 3.996 s, baseline off, ~37 kB, data not loaded,
 '1': 1>"
0,"<Epochs |  1 events (all good), 0 – 3.996 s, baseline off, ~37 kB, data not loaded,
 '1': 1>"
0,"<Epochs |  1 events (all good), 0 – 3.996 s, baseline off, ~37 kB, data not loaded,
 '1': 1>"
0,"<Epochs |  1 events (all good), 0 – 3.996 s, baseline off, ~37 kB, data not loaded,
 '1': 1>"
0,"<Epochs |  1 events (all good), 0 – 3.996 s, baseline off, ~37 kB, data not loaded,
 '1': 1>"
0,"<Epochs |  1 events (all good), 0 – 3.996 s, baseline off, ~37 kB, data not loaded,
 '1': 1>"
0,"<Epochs |  1 events (all good), 0 – 3.996 s, baseline off, ~37 kB, data not loaded,
 '1': 1>"
0,"<Epochs |  1 events (all good), 0 – 3.996 s, baseline off, ~37 kB, data not loaded,
 '1': 1>"
0,"<Epochs |  1 events (all good), 0 – 3.996 s, baseline off, ~37 kB, data not loaded,
 '1': 1>"
0,"<Epochs |  1 events (all good), 0 – 3.996 s, baseline off, ~37 kB, data not loaded,
 '1': 1>"
0,"<Epochs |  1 events (all good), 0 – 3.996 s, baseline off, ~37 kB, data not loaded,
 '1': 1>"
0,"<Epochs |  1 events (all good), 0 – 3.996 s, baseline off, ~37 kB, data not loaded,
 '1': 1>"
0,"<Epochs |  1 events (all good), 0 – 3.996 s, baseline off, ~37 kB, data not loaded,
 '1': 1>"
0,"<Epochs |  1 events (all good), 0 – 3.996 s, baseline off, ~37 kB, data not loaded,
 '1': 1>"
0,"<Epochs |  1 events (all good), 0 – 3.996 s, baseline off, ~37 kB, data not loaded,
 '1': 1>"
0,"<Epochs |  1 events (all good), 0 – 3.996 s, baseline off, ~37 kB, data not loaded,
 '1': 1>"
0,"<Epochs |  1 events (all good), 0 – 3.996 s, baseline off, ~37 kB, data not loaded,
 '1': 1>"
0,"<Epochs |  1 events (all good), 0 – 3.996 s, baseline off, ~37 kB, data not loaded,
 '1': 1>"
0,"<Epochs |  1 events (all good), 0 – 3.996 s, baseline off, ~37 kB, data not loaded,
 '1': 1>"
0,"<Epochs |  1 events (all good), 0 – 3.996 s, baseline off, ~37 kB, data not loaded,
 '1': 1>"
0,"<Epochs |  1 events (all good), 0 – 3.996 s, baseline off, ~37 kB, data not loaded,
 '1': 1>"
0,"<Epochs |  1 events (all good), 0 – 3.996 s, baseline off, ~37 kB, data not loaded,
 '1': 1>"
0,"<Epochs |  1 events (all good), 0 – 3.996 s, baseline off, ~37 kB, data not loaded,
 '1': 1>"
0,"<Epochs |  1 events (all good), 0 – 3.996 s, baseline off, ~37 kB, data not loaded,
 '1': 1>"
0,"<Epochs |  1 events (all good), 0 – 3.996 s, baseline off, ~37 kB, data not loaded,
 '1': 1>"
0,"<Epochs |  1 events (all good), 0 – 3.996 s, baseline off, ~37 kB, data not loaded,
 '1': 1>"
0,"<Epochs |  1 events (all good), 0 – 3.996 s, baseline off, ~37 kB, data not loaded,
 '1': 1>"
0,"<Epochs |  1 events (all good), 0 – 3.996 s, baseline off, ~37 kB, data not loaded,
 '1': 1>"
0,"<Epochs |  1 events (all good), 0 – 3.996 s, baseline off, ~37 kB, data not loaded,
 '1': 1>"
0,"<Epochs |  1 events (all good), 0 – 3.996 s, baseline off, ~37 kB, data not loaded,
 '1': 1>"
0,"<Epochs |  1 events (all good), 0 – 3.996 s, baseline off, ~37 kB, data not loaded,
 '1': 1>"
0,"<Epochs |  1 events (all good), 0 – 3.996 s, baseline off, ~37 kB, data not loaded,
 '1': 1>"
0,"<Epochs |  1 events (all good), 0 – 3.996 s, baseline off, ~37 kB, data not loaded,
 '1': 1>"
0,"<Epochs |  1 events (all good), 0 – 3.996 s, baseline off, ~37 kB, data not loaded,
 '1': 1>"
0,"<Epochs |  1 events (all good), 0 – 3.996 s, baseline off, ~37 kB, data not loaded,
 '1': 1>"
0,"<Epochs |  1 events (all good), 0 – 3.996 s, baseline off, ~37 kB, data not loaded,
 '1': 1>"
0,"<Epochs |  1 events (all good), 0 – 3.996 s, baseline off, ~37 kB, data not loaded,
 '1': 1>"
0,"<Epochs |  1 events (all good), 0 – 3.996 s, baseline off, ~37 kB, data not loaded,
 '1': 1>"
0,"<Epochs |  1 events (all good), 0 – 3.996 s, baseline off, ~37 kB, data not loaded,
 '1': 1>"
0,"<Epochs |  1 events (all good), 0 – 3.996 s, baseline off, ~37 kB, data not loaded,
 '1': 1>"
0,"<Epochs |  1 events (all good), 0 – 3.996 s, baseline off, ~37 kB, data not loaded,
 '1': 1>"
0,"<Epochs |  1 events (all good), 0 – 3.996 s, baseline off, ~37 kB, data not loaded,
 '1': 1>"
0,"<Epochs |  1 events (all good), 0 – 3.996 s, baseline off, ~37 kB, data not loaded,
 '1': 1>"
0,"<Epochs |  1 events (all good), 0 – 3.996 s, baseline off, ~37 kB, data not loaded,
 '1': 1>"
0,"<Epochs |  1 events (all good), 0 – 3.996 s, baseline off, ~37 kB, data not loaded,
 '1': 1>"
0,"<Epochs |  1 events (all good), 0 – 3.996 s, baseline off, ~37 kB, data not loaded,
 '1': 1>"
0,"<Epochs |  1 events (all good), 0 – 3.996 s, baseline off, ~37 kB, data not loaded,
 '1': 1>"
0,"<Epochs |  1 events (all good), 0 – 3.996 s, baseline off, ~37 kB, data not loaded,
 '1': 1>"
0,"<Epochs |  1 events (all good), 0 – 3.996 s, baseline off, ~37 kB, data not loaded,
 '1': 1>"
0,"<Epochs |  1 events (all good), 0 – 3.996 s, baseline off, ~37 kB, data not loaded,
 '1': 1>"
0,"<Epochs |  1 events (all good), 0 – 3.996 s, baseline off, ~37 kB, data not loaded,
 '1': 1>"
0,"<Epochs |  1 events (all good), 0 – 3.996 s, baseline off, ~37 kB, data not loaded,
 '1': 1>"
0,"<Epochs |  1 events (all good), 0 – 3.996 s, baseline off, ~37 kB, data not loaded,
 '1': 1>"
0,"<Epochs |  1 events (all good), 0 – 3.996 s, baseline off, ~37 kB, data not loaded,
 '1': 1>"
0,"<Epochs |  1 events (all good), 0 – 3.996 s, baseline off, ~37 kB, data not loaded,
 '1': 1>"
0,"<Epochs |  1 events (all good), 0 – 3.996 s, baseline off, ~37 kB, data not loaded,
 '1': 1>"
0,"<Epochs |  1 events (all good), 0 – 3.996 s, baseline off, ~37 kB, data not loaded,
 '1': 1>"
0,"<Epochs |  1 events (all good), 0 – 3.996 s, baseline off, ~37 kB, data not loaded,
 '1': 1>"
0,"<Epochs |  1 events (all good), 0 – 3.996 s, baseline off, ~37 kB, data not loaded,
 '1': 1>"
0,"<Epochs |  1 events (all good), 0 – 3.996 s, baseline off, ~37 kB, data not loaded,
 '1': 1>"
0,"<Epochs |  1 events (all good), 0 – 3.996 s, baseline off, ~37 kB, data not loaded,
 '1': 1>"
0,"<Epochs |  1 events (all good), 0 – 3.996 s, baseline off, ~37 kB, data not loaded,
 '1': 1>"
0,"<Epochs |  1 events (all good), 0 – 3.996 s, baseline off, ~37 kB, data not loaded,
 '1': 1>"
0,"<Epochs |  1 events (all good), 0 – 3.996 s, baseline off, ~37 kB, data not loaded,
 '1': 1>"
0,"<Epochs |  1 events (all good), 0 – 3.996 s, baseline off, ~37 kB, data not loaded,
 '1': 1>"
0,"<Epochs |  1 events (all good), 0 – 3.996 s, baseline off, ~37 kB, data not loaded,
 '1': 1>"
0,"<Epochs |  1 events (all good), 0 – 3.996 s, baseline off, ~37 kB, data not loaded,
 '1': 1>"
0,"<Epochs |  1 events (all good), 0 – 3.996 s, baseline off, ~37 kB, data not loaded,
 '1': 1>"
0,"<Epochs |  1 events (all good), 0 – 3.996 s, baseline off, ~37 kB, data not loaded,
 '1': 1>"
0,"<Epochs |  1 events (all good), 0 – 3.996 s, baseline off, ~37 kB, data not loaded,
 '1': 1>"
0,"<Epochs |  1 events (all good), 0 – 3.996 s, baseline off, ~37 kB, data not loaded,
 '1': 1>"
0,"<Epochs |  1 events (all good), 0 – 3.996 s, baseline off, ~37 kB, data not loaded,
 '1': 1>"
0,"<Epochs |  1 events (all good), 0 – 3.996 s, baseline off, ~37 kB, data not loaded,
 '1': 1>"
0,"<Epochs |  1 events (all good), 0 – 3.996 s, baseline off, ~37 kB, data not loaded,
 '1': 1>"
0,"<Epochs |  1 events (all good), 0 – 3.996 s, baseline off, ~37 kB, data not loaded,
 '1': 1>"
0,"<Epochs |  1 events (all good), 0 – 3.996 s, baseline off, ~37 kB, data not loaded,
 '1': 1>"
0,"<Epochs |  1 events (all good), 0 – 3.996 s, baseline off, ~37 kB, data not loaded,
 '1': 1>"
0,"<Epochs |  1 events (all good), 0 – 3.996 s, baseline off, ~37 kB, data not loaded,
 '1': 1>"
0,"<Epochs |  1 events (all good), 0 – 3.996 s, baseline off, ~37 kB, data not loaded,
 '1': 1>"
0,"<Epochs |  1 events (all good), 0 – 3.996 s, baseline off, ~37 kB, data not loaded,
 '1': 1>"
0,"<Epochs |  1 events (all good), 0 – 3.996 s, baseline off, ~37 kB, data not loaded,
 '1': 1>"
0,"<Epochs |  1 events (all good), 0 – 3.996 s, baseline off, ~37 kB, data not loaded,
 '1': 1>"
0,"<Epochs |  1 events (all good), 0 – 3.996 s, baseline off, ~37 kB, data not loaded,
 '1': 1>"
0,"<Epochs |  1 events (all good), 0 – 3.996 s, baseline off, ~37 kB, data not loaded,
 '1': 1>"
0,"<Epochs |  1 events (all good), 0 – 3.996 s, baseline off, ~37 kB, data not loaded,
 '1': 1>"
0,"<Epochs |  1 events (all good), 0 – 3.996 s, baseline off, ~37 kB, data not loaded,
 '1': 1>"
0,"<Epochs |  1 events (all good), 0 – 3.996 s, baseline off, ~37 kB, data not loaded,
 '1': 1>"
0,"<Epochs |  1 events (all good), 0 – 3.996 s, baseline off, ~37 kB, data not loaded,
 '1': 1>"
0,"<Epochs |  1 events (all good), 0 – 3.996 s, baseline off, ~37 kB, data not loaded,
 '1': 1>"
0,"<Epochs |  1 events (all good), 0 – 3.996 s, baseline off, ~37 kB, data not loaded,
 '1': 1>"
0,"<Epochs |  1 events (all good), 0 – 3.996 s, baseline off, ~37 kB, data not loaded,
 '1': 1>"
0,"<Epochs |  1 events (all good), 0 – 3.996 s, baseline off, ~37 kB, data not loaded,
 '1': 1>"
0,"<Epochs |  1 events (all good), 0 – 3.996 s, baseline off, ~37 kB, data not loaded,
 '1': 1>"
0,"<Epochs |  1 events (all good), 0 – 3.996 s, baseline off, ~37 kB, data not loaded,
 '1': 1>"
0,"<Epochs |  1 events (all good), 0 – 3.996 s, baseline off, ~37 kB, data not loaded,
 '1': 1>"
0,"<Epochs |  1 events (all good), 0 – 3.996 s, baseline off, ~37 kB, data not loaded,
 '1': 1>"
0,"<Epochs |  1 events (all good), 0 – 3.996 s, baseline off, ~37 kB, data not loaded,
 '1': 1>"
0,"<Epochs |  1 events (all good), 0 – 3.996 s, baseline off, ~37 kB, data not loaded,
 '1': 1>"
0,"<Epochs |  1 events (all good), 0 – 3.996 s, baseline off, ~37 kB, data not loaded,
 '1': 1>"
0,"<Epochs |  1 events (all good), 0 – 3.996 s, baseline off, ~37 kB, data not loaded,
 '1': 1>"
0,"<Epochs |  1 events (all good), 0 – 3.996 s, baseline off, ~37 kB, data not loaded,
 '1': 1>"
0,"<Epochs |  1 events (all good), 0 – 3.996 s, baseline off, ~37 kB, data not loaded,
 '1': 1>"
0,"<Epochs |  1 events (all good), 0 – 3.996 s, baseline off, ~37 kB, data not loaded,
 '1': 1>"
0,"<Epochs |  1 events (all good), 0 – 3.996 s, baseline off, ~37 kB, data not loaded,
 '1': 1>"
0,"<Epochs |  1 events (all good), 0 – 3.996 s, baseline off, ~37 kB, data not loaded,
 '1': 1>"
0,"<Epochs |  1 events (all good), 0 – 3.996 s, baseline off, ~37 kB, data not loaded,
 '1': 1>"
0,"<Epochs |  1 events (all good), 0 – 3.996 s, baseline off, ~37 kB, data not loaded,
 '1': 1>"
0,"<Epochs |  1 events (all good), 0 – 3.996 s, baseline off, ~37 kB, data not loaded,
 '1': 1>"
0,"<Epochs |  1 events (all good), 0 – 3.996 s, baseline off, ~37 kB, data not loaded,
 '1': 1>"
0,"<Epochs |  1 events (all good), 0 – 3.996 s, baseline off, ~37 kB, data not loaded,
 '1': 1>"
0,"<Epochs |  1 events (all good), 0 – 3.996 s, baseline off, ~37 kB, data not loaded,
 '1': 1>"
0,"<Epochs |  1 events (all good), 0 – 3.996 s, baseline off, ~37 kB, data not loaded,
 '1': 1>"
0,"<Epochs |  1 events (all good), 0 – 3.996 s, baseline off, ~37 kB, data not loaded,
 '1': 1>"
0,"<Epochs |  1 events (all good), 0 – 3.996 s, baseline off, ~37 kB, data not loaded,
 '1': 1>"
0,"<Epochs |  1 events (all good), 0 – 3.996 s, baseline off, ~37 kB, data not loaded,
 '1': 1>"
0,"<Epochs |  1 events (all good), 0 – 3.996 s, baseline off, ~37 kB, data not loaded,
 '1': 1>"
0,"<Epochs |  1 events (all good), 0 – 3.996 s, baseline off, ~37 kB, data not loaded,
 '1': 1>"
0,"<Epochs |  1 events (all good), 0 – 3.996 s, baseline off, ~37 kB, data not loaded,
 '1': 1>"
0,"<Epochs |  1 events (all good), 0 – 3.996 s, baseline off, ~37 kB, data not loaded,
 '1': 1>"
0,"<Epochs |  1 events (all good), 0 – 3.996 s, baseline off, ~37 kB, data not loaded,
 '1': 1>"
0,"<Epochs |  1 events (all good), 0 – 3.996 s, baseline off, ~37 kB, data not loaded,
 '1': 1>"
0,"<Epochs |  1 events (all good), 0 – 3.996 s, baseline off, ~37 kB, data not loaded,
 '1': 1>"
0,"<Epochs |  1 events (all good), 0 – 3.996 s, baseline off, ~37 kB, data not loaded,
 '1': 1>"
0,"<Epochs |  1 events (all good), 0 – 3.996 s, baseline off, ~37 kB, data not loaded,
 '1': 1>"
0,"<Epochs |  1 events (all good), 0 – 3.996 s, baseline off, ~37 kB, data not loaded,
 '1': 1>"
0,"<Epochs |  1 events (all good), 0 – 3.996 s, baseline off, ~37 kB, data not loaded,
 '1': 1>"
0,"<Epochs |  1 events (all good), 0 – 3.996 s, baseline off, ~37 kB, data not loaded,
 '1': 1>"
0,"<Epochs |  1 events (all good), 0 – 3.996 s, baseline off, ~37 kB, data not loaded,
 '1': 1>"
0,"<Epochs |  1 events (all good), 0 – 3.996 s, baseline off, ~37 kB, data not loaded,
 '1': 1>"
0,"<Epochs |  1 events (all good), 0 – 3.996 s, baseline off, ~37 kB, data not loaded,
 '1': 1>"
0,"<Epochs |  1 events (all good), 0 – 3.996 s, baseline off, ~37 kB, data not loaded,
 '1': 1>"
0,"<Epochs |  1 events (all good), 0 – 3.996 s, baseline off, ~37 kB, data not loaded,
 '1': 1>"
0.5,"<Epochs |  1 events (all good), 0 – 3.996 s, baseline off, ~37 kB, data not loaded,
 '1': 1>"
1,"<Epochs |  1 events (all good), 0 – 3.996 s, baseline off, ~37 kB, data not loaded,
 '1': 1>"
1,"<Epochs |  1 events (all good), 0 – 3.996 s, baseline off, ~37 kB, data not loaded,
 '1': 1>"
1,"<Epochs |  1 events (all good), 0 – 3.996 s, baseline off, ~37 kB, data not loaded,
 '1': 1>"
1,"<Epochs |  1 events (all good), 0 – 3.996 s, baseline off, ~37 kB, data not loaded,
 '1': 1>"
1,"<Epochs |  1 events (all good), 0 – 3.996 s, baseline off, ~37 kB, data not loaded,
 '1': 1>"
1,"<Epochs |  1 events (all good), 0 – 3.996 s, baseline off, ~37 kB, data not loaded,
 '1': 1>"
1,"<Epochs |  1 events (all good), 0 – 3.996 s, baseline off, ~37 kB, data not loaded,
 '1': 1>"
1,"<Epochs |  1 events (all good), 0 – 3.996 s, baseline off, ~37 kB, data not loaded,
 '1': 1>"
1,"<Epochs |  1 events (all good), 0 – 3.996 s, baseline off, ~37 kB, data not loaded,
 '1': 1>"
0.5,"<Epochs |  1 events (all good), 0 – 3.996 s, baseline off, ~37 kB, data not loaded,
 '1': 1>"
0,"<Epochs |  1 events (all good), 0 – 3.996 s, baseline off, ~37 kB, data not loaded,
 '1': 1>"
0,"<Epochs |  1 events (all good), 0 – 3.996 s, baseline off, ~37 kB, data not loaded,
 '1': 1>"
0,"<Epochs |  1 events (all good), 0 – 3.996 s, baseline off, ~37 kB, data not loaded,
 '1': 1>"
0,"<Epochs |  1 events (all good), 0 – 3.996 s, baseline off, ~37 kB, data not loaded,
 '1': 1>"
0,"<Epochs |  1 events (all good), 0 – 3.996 s, baseline off, ~37 kB, data not loaded,
 '1': 1>"
0,"<Epochs |  1 events (all good), 0 – 3.996 s, baseline off, ~37 kB, data not loaded,
 '1': 1>"
0,"<Epochs |  1 events (all good), 0 – 3.996 s, baseline off, ~37 kB, data not loaded,
 '1': 1>"
0,"<Epochs |  1 events (all good), 0 – 3.996 s, baseline off, ~37 kB, data not loaded,
 '1': 1>"
0,"<Epochs |  1 events (all good), 0 – 3.996 s, baseline off, ~37 kB, data not loaded,
 '1': 1>"
0,"<Epochs |  1 events (all good), 0 – 3.996 s, baseline off, ~37 kB, data not loaded,
 '1': 1>"
0,"<Epochs |  1 events (all good), 0 – 3.996 s, baseline off, ~37 kB, data not loaded,
 '1': 1>"
0,"<Epochs |  1 events (all good), 0 – 3.996 s, baseline off, ~37 kB, data not loaded,
 '1': 1>"
0,"<Epochs |  1 events (all good), 0 – 3.996 s, baseline off, ~37 kB, data not loaded,
 '1': 1>"
0,"<Epochs |  1 events (all good), 0 – 3.996 s, baseline off, ~37 kB, data not loaded,
 '1': 1>"
0,"<Epochs |  1 events (all good), 0 – 3.996 s, baseline off, ~37 kB, data not loaded,
 '1': 1>"
0,"<Epochs |  1 events (all good), 0 – 3.996 s, baseline off, ~37 kB, data not loaded,
 '1': 1>"
0,"<Epochs |  1 events (all good), 0 – 3.996 s, baseline off, ~37 kB, data not loaded,
 '1': 1>"
0,"<Epochs |  1 events (all good), 0 – 3.996 s, baseline off, ~37 kB, data not loaded,
 '1': 1>"
0,"<Epochs |  1 events (all good), 0 – 3.996 s, baseline off, ~37 kB, data not loaded,
 '1': 1>"
0,"<Epochs |  1 events (all good), 0 – 3.996 s, baseline off, ~37 kB, data not loaded,
 '1': 1>"
0,"<Epochs |  1 events (all good), 0 – 3.996 s, baseline off, ~37 kB, data not loaded,
 '1': 1>"
0,"<Epochs |  1 events (all good), 0 – 3.996 s, baseline off, ~37 kB, data not loaded,
 '1': 1>"
0,"<Epochs |  1 events (all good), 0 – 3.996 s, baseline off, ~37 kB, data not loaded,
 '1': 1>"
0,"<Epochs |  1 events (all good), 0 – 3.996 s, baseline off, ~37 kB, data not loaded,
 '1': 1>"
0,"<Epochs |  1 events (all good), 0 – 3.996 s, baseline off, ~37 kB, data not loaded,
 '1': 1>"
0,"<Epochs |  1 events (all good), 0 – 3.996 s, baseline off, ~37 kB, data not loaded,
 '1': 1>"
0,"<Epochs |  1 events (all good), 0 – 3.996 s, baseline off, ~37 kB, data not loaded,
 '1': 1>"
0,"<Epochs |  1 events (all good), 0 – 3.996 s, baseline off, ~37 kB, data not loaded,
 '1': 1>"
0,"<Epochs |  1 events (all good), 0 – 3.996 s, baseline off, ~37 kB, data not loaded,
 '1': 1>"
0,"<Epochs |  1 events (all good), 0 – 3.996 s, baseline off, ~37 kB, data not loaded,
 '1': 1>"
0,"<Epochs |  1 events (all good), 0 – 3.996 s, baseline off, ~37 kB, data not loaded,
 '1': 1>"
0,"<Epochs |  1 events (all good), 0 – 3.996 s, baseline off, ~37 kB, data not loaded,
 '1': 1>"
0,"<Epochs |  1 events (all good), 0 – 3.996 s, baseline off, ~37 kB, data not loaded,
 '1': 1>"
0,"<Epochs |  1 events (all good), 0 – 3.996 s, baseline off, ~37 kB, data not loaded,
 '1': 1>"
0,"<Epochs |  1 events (all good), 0 – 3.996 s, baseline off, ~37 kB, data not loaded,
 '1': 1>"
0,"<Epochs |  1 events (all good), 0 – 3.996 s, baseline off, ~37 kB, data not loaded,
 '1': 1>"
0,"<Epochs |  1 events (all good), 0 – 3.996 s, baseline off, ~37 kB, data not loaded,
 '1': 1>"
0,"<Epochs |  1 events (all good), 0 – 3.996 s, baseline off, ~37 kB, data not loaded,
 '1': 1>"
0,"<Epochs |  1 events (all good), 0 – 3.996 s, baseline off, ~37 kB, data not loaded,
 '1': 1>"
0,"<Epochs |  1 events (all good), 0 – 3.996 s, baseline off, ~37 kB, data not loaded,
 '1': 1>"
0,"<Epochs |  1 events (all good), 0 – 3.996 s, baseline off, ~37 kB, data not loaded,
 '1': 1>"
0,"<Epochs |  1 events (all good), 0 – 3.996 s, baseline off, ~37 kB, data not loaded,
 '1': 1>"
0,"<Epochs |  1 events (all good), 0 – 3.996 s, baseline off, ~37 kB, data not loaded,
 '1': 1>"
0,"<Epochs |  1 events (all good), 0 – 3.996 s, baseline off, ~37 kB, data not loaded,
 '1': 1>"
0,"<Epochs |  1 events (all good), 0 – 3.996 s, baseline off, ~37 kB, data not loaded,
 '1': 1>"
0,"<Epochs |  1 events (all good), 0 – 3.996 s, baseline off, ~37 kB, data not loaded,
 '1': 1>"
0,"<Epochs |  1 events (all good), 0 – 3.996 s, baseline off, ~37 kB, data not loaded,
 '1': 1>"
0,"<Epochs |  1 events (all good), 0 – 3.996 s, baseline off, ~37 kB, data not loaded,
 '1': 1>"
0,"<Epochs |  1 events (all good), 0 – 3.996 s, baseline off, ~37 kB, data not loaded,
 '1': 1>"
0,"<Epochs |  1 events (all good), 0 – 3.996 s, baseline off, ~37 kB, data not loaded,
 '1': 1>"
0,"<Epochs |  1 events (all good), 0 – 3.996 s, baseline off, ~37 kB, data not loaded,
 '1': 1>"
0,"<Epochs |  1 events (all good), 0 – 3.996 s, baseline off, ~37 kB, data not loaded,
 '1': 1>"
0,"<Epochs |  1 events (all good), 0 – 3.996 s, baseline off, ~37 kB, data not loaded,
 '1': 1>"
0,"<Epochs |  1 events (all good), 0 – 3.996 s, baseline off, ~37 kB, data not loaded,
 '1': 1>"
0,"<Epochs |  1 events (all good), 0 – 3.996 s, baseline off, ~37 kB, data not loaded,
 '1': 1>"
0,"<Epochs |  1 events (all good), 0 – 3.996 s, baseline off, ~37 kB, data not loaded,
 '1': 1>"
0,"<Epochs |  1 events (all good), 0 – 3.996 s, baseline off, ~37 kB, data not loaded,
 '1': 1>"
0,"<Epochs |  1 events (all good), 0 – 3.996 s, baseline off, ~37 kB, data not loaded,
 '1': 1>"
0,"<Epochs |  1 events (all good), 0 – 3.996 s, baseline off, ~37 kB, data not loaded,
 '1': 1>"
0,"<Epochs |  1 events (all good), 0 – 3.996 s, baseline off, ~37 kB, data not loaded,
 '1': 1>"
0,"<Epochs |  1 events (all good), 0 – 3.996 s, baseline off, ~37 kB, data not loaded,
 '1': 1>"
0,"<Epochs |  1 events (all good), 0 – 3.996 s, baseline off, ~37 kB, data not loaded,
 '1': 1>"
0,"<Epochs |  1 events (all good), 0 – 3.996 s, baseline off, ~37 kB, data not loaded,
 '1': 1>"
0,"<Epochs |  1 events (all good), 0 – 3.996 s, baseline off, ~37 kB, data not loaded,
 '1': 1>"
0,"<Epochs |  1 events (all good), 0 – 3.996 s, baseline off, ~37 kB, data not loaded,
 '1': 1>"
0,"<Epochs |  1 events (all good), 0 – 3.996 s, baseline off, ~37 kB, data not loaded,
 '1': 1>"
0,"<Epochs |  1 events (all good), 0 – 3.996 s, baseline off, ~37 kB, data not loaded,
 '1': 1>"
0,"<Epochs |  1 events (all good), 0 – 3.996 s, baseline off, ~37 kB, data not loaded,
 '1': 1>"
0,"<Epochs |  1 events (all good), 0 – 3.996 s, baseline off, ~37 kB, data not loaded,
 '1': 1>"
0,"<Epochs |  1 events (all good), 0 – 3.996 s, baseline off, ~37 kB, data not loaded,
 '1': 1>"
0,"<Epochs |  1 events (all good), 0 – 3.996 s, baseline off, ~37 kB, data not loaded,
 '1': 1>"
0,"<Epochs |  1 events (all good), 0 – 3.996 s, baseline off, ~37 kB, data not loaded,
 '1': 1>"
0,"<Epochs |  1 events (all good), 0 – 3.996 s, baseline off, ~37 kB, data not loaded,
 '1': 1>"
0,"<Epochs |  1 events (all good), 0 – 3.996 s, baseline off, ~37 kB, data not loaded,
 '1': 1>"
0,"<Epochs |  1 events (all good), 0 – 3.996 s, baseline off, ~37 kB, data not loaded,
 '1': 1>"
0,"<Epochs |  1 events (all good), 0 – 3.996 s, baseline off, ~37 kB, data not loaded,
 '1': 1>"
0,"<Epochs |  1 events (all good), 0 – 3.996 s, baseline off, ~37 kB, data not loaded,
 '1': 1>"
0,"<Epochs |  1 events (all good), 0 – 3.996 s, baseline off, ~37 kB, data not loaded,
 '1': 1>"
0,"<Epochs |  1 events (all good), 0 – 3.996 s, baseline off, ~37 kB, data not loaded,
 '1': 1>"
0,"<Epochs |  1 events (all good), 0 – 3.996 s, baseline off, ~37 kB, data not loaded,
 '1': 1>"
0,"<Epochs |  1 events (all good), 0 – 3.996 s, baseline off, ~37 kB, data not loaded,
 '1': 1>"
0,"<Epochs |  1 events (all good), 0 – 3.996 s, baseline off, ~37 kB, data not loaded,
 '1': 1>"
0,"<Epochs |  1 events (all good), 0 – 3.996 s, baseline off, ~37 kB, data not loaded,
 '1': 1>"
0,"<Epochs |  1 events (all good), 0 – 3.996 s, baseline off, ~37 kB, data not loaded,
 '1': 1>"
0,"<Epochs |  1 events (all good), 0 – 3.996 s, baseline off, ~37 kB, data not loaded,
 '1': 1>"
0,"<Epochs |  1 events (all good), 0 – 3.996 s, baseline off, ~37 kB, data not loaded,
 '1': 1>"
0,"<Epochs |  1 events (all good), 0 – 3.996 s, baseline off, ~37 kB, data not loaded,
 '1': 1>"
0,"<Epochs |  1 events (all good), 0 – 3.996 s, baseline off, ~37 kB, data not loaded,
 '1': 1>"
0,"<Epochs |  1 events (all good), 0 – 3.996 s, baseline off, ~37 kB, data not loaded,
 '1': 1>"
0,"<Epochs |  1 events (all good), 0 – 3.996 s, baseline off, ~37 kB, data not loaded,
 '1': 1>"
0,"<Epochs |  1 events (all good), 0 – 3.996 s, baseline off, ~37 kB, data not loaded,
 '1': 1>"
0,"<Epochs |  1 events (all good), 0 – 3.996 s, baseline off, ~37 kB, data not loaded,
 '1': 1>"
0,"<Epochs |  1 events (all good), 0 – 3.996 s, baseline off, ~37 kB, data not loaded,
 '1': 1>"
0,"<Epochs |  1 events (all good), 0 – 3.996 s, baseline off, ~37 kB, data not loaded,
 '1': 1>"
0,"<Epochs |  1 events (all good), 0 – 3.996 s, baseline off, ~37 kB, data not loaded,
 '1': 1>"
0,"<Epochs |  1 events (all good), 0 – 3.996 s, baseline off, ~37 kB, data not loaded,
 '1': 1>"
0,"<Epochs |  1 events (all good), 0 – 3.996 s, baseline off, ~37 kB, data not loaded,
 '1': 1>"
0,"<Epochs |  1 events (all good), 0 – 3.996 s, baseline off, ~37 kB, data not loaded,
 '1': 1>"
0,"<Epochs |  1 events (all good), 0 – 3.996 s, baseline off, ~37 kB, data not loaded,
 '1': 1>"
0,"<Epochs |  1 events (all good), 0 – 3.996 s, baseline off, ~37 kB, data not loaded,
 '1': 1>"
0,"<Epochs |  1 events (all good), 0 – 3.996 s, baseline off, ~37 kB, data not loaded,
 '1': 1>"
0,"<Epochs |  1 events (all good), 0 – 3.996 s, baseline off, ~37 kB, data not loaded,
 '1': 1>"
0,"<Epochs |  1 events (all good), 0 – 3.996 s, baseline off, ~37 kB, data not loaded,
 '1': 1>"
0,"<Epochs |  1 events (all good), 0 – 3.996 s, baseline off, ~37 kB, data not loaded,
 '1': 1>"
0,"<Epochs |  1 events (all good), 0 – 3.996 s, baseline off, ~37 kB, data not loaded,
 '1': 1>"
0,"<Epochs |  1 events (all good), 0 – 3.996 s, baseline off, ~37 kB, data not loaded,
 '1': 1>"
0,"<Epochs |  1 events (all good), 0 – 3.996 s, baseline off, ~37 kB, data not loaded,
 '1': 1>"
0,"<Epochs |  1 events (all good), 0 – 3.996 s, baseline off, ~37 kB, data not loaded,
 '1': 1>"
0,"<Epochs |  1 events (all good), 0 – 3.996 s, baseline off, ~37 kB, data not loaded,
 '1': 1>"
0,"<Epochs |  1 events (all good), 0 – 3.996 s, baseline off, ~37 kB, data not loaded,
 '1': 1>"
0,"<Epochs |  1 events (all good), 0 – 3.996 s, baseline off, ~37 kB, data not loaded,
 '1': 1>"
0,"<Epochs |  1 events (all good), 0 – 3.996 s, baseline off, ~37 kB, data not loaded,
 '1': 1>"
0,"<Epochs |  1 events (all good), 0 – 3.996 s, baseline off, ~37 kB, data not loaded,
 '1': 1>"
0,"<Epochs |  1 events (all good), 0 – 3.996 s, baseline off, ~37 kB, data not loaded,
 '1': 1>"
0,"<Epochs |  1 events (all good), 0 – 3.996 s, baseline off, ~37 kB, data not loaded,
 '1': 1>"
0,"<Epochs |  1 events (all good), 0 – 3.996 s, baseline off, ~37 kB, data not loaded,
 '1': 1>"
0,"<Epochs |  1 events (all good), 0 – 3.996 s, baseline off, ~37 kB, data not loaded,
 '1': 1>"
0,"<Epochs |  1 events (all good), 0 – 3.996 s, baseline off, ~37 kB, data not loaded,
 '1': 1>"
0,"<Epochs |  1 events (all good), 0 – 3.996 s, baseline off, ~37 kB, data not loaded,
 '1': 1>"
0,"<Epochs |  1 events (all good), 0 – 3.996 s, baseline off, ~37 kB, data not loaded,
 '1': 1>"
0,"<Epochs |  1 events (all good), 0 – 3.996 s, baseline off, ~37 kB, data not loaded,
 '1': 1>"
0,"<Epochs |  1 events (all good), 0 – 3.996 s, baseline off, ~37 kB, data not loaded,
 '1': 1>"
0,"<Epochs |  1 events (all good), 0 – 3.996 s, baseline off, ~37 kB, data not loaded,
 '1': 1>"
0,"<Epochs |  1 events (all good), 0 – 3.996 s, baseline off, ~37 kB, data not loaded,
 '1': 1>"
0,"<Epochs |  1 events (all good), 0 – 3.996 s, baseline off, ~37 kB, data not loaded,
 '1': 1>"
0,"<Epochs |  1 events (all good), 0 – 3.996 s, baseline off, ~37 kB, data not loaded,
 '1': 1>"
0,"<Epochs |  1 events (all good), 0 – 3.996 s, baseline off, ~37 kB, data not loaded,
 '1': 1>"
0,"<Epochs |  1 events (all good), 0 – 3.996 s, baseline off, ~37 kB, data not loaded,
 '1': 1>"
0,"<Epochs |  1 events (all good), 0 – 3.996 s, baseline off, ~37 kB, data not loaded,
 '1': 1>"
0,"<Epochs |  1 events (all good), 0 – 3.996 s, baseline off, ~37 kB, data not loaded,
 '1': 1>"
0,"<Epochs |  1 events (all good), 0 – 3.996 s, baseline off, ~37 kB, data not loaded,
 '1': 1>"
0,"<Epochs |  1 events (all good), 0 – 3.996 s, baseline off, ~37 kB, data not loaded,
 '1': 1>"
0,"<Epochs |  1 events (all good), 0 – 3.996 s, baseline off, ~37 kB, data not loaded,
 '1': 1>"
0,"<Epochs |  1 events (all good), 0 – 3.996 s, baseline off, ~37 kB, data not loaded,
 '1': 1>"
0,"<Epochs |  1 events (all good), 0 – 3.996 s, baseline off, ~37 kB, data not loaded,
 '1': 1>"
0,"<Epochs |  1 events (all good), 0 – 3.996 s, baseline off, ~37 kB, data not loaded,
 '1': 1>"
0,"<Epochs |  1 events (all good), 0 – 3.996 s, baseline off, ~37 kB, data not loaded,
 '1': 1>"
0,"<Epochs |  1 events (all good), 0 – 3.996 s, baseline off, ~37 kB, data not loaded,
 '1': 1>"
